name,position,team,owner,total_points,league_id,league_name
49ers,DEF,SF,All TUA Easy ,234.9,499904937,Sunday Funday
A.J. Brown,WR,PHI,Team Williams,268.35,499904937,Sunday Funday
Aaron Jones,RB,MIN,All TUA Easy ,127.65,499904937,Sunday Funday
Adam Thielen,WR,CAR,Mixon Match,205.5,499904937,Sunday Funday
AJ Dillon,RB,GB,Fourth and Drunk,112.1,499904937,Sunday Funday
Alexander Mattison,RB,LV,Team Williams,122.7,499904937,Sunday Funday
Alvin Kamara,RB,NO,Estebandz,214.25,499904937,Sunday Funday
Amari Cooper,WR,CLE,C Deez ðŸ¥œ,216.25,499904937,Sunday Funday
Amon-Ra St. Brown,WR,DET,Dawg Pound,308.4,499904937,Sunday Funday
Antonio Gibson,RB,NE,Bonchon Robinson,112.4,499904937,Sunday Funday
Austin Ekeler,RB,WSH,Fourth and Drunk,168.4,499904937,Sunday Funday
Baker Mayfield,QB,TB,Fourth and Drunk,244.56,499904937,Sunday Funday
Bijan Robinson,RB,ATL,Bonchon Robinson,232.05,499904937,Sunday Funday
Bills,DEF,BUF,C Deez ðŸ¥œ,263.36,499904937,Sunday Funday
Brandin Cooks,WR,DAL,Estebandz,159.45,499904937,Sunday Funday
Brandon Aiyuk,WR,SF,Dawg Pound,236.7,499904937,Sunday Funday
Brandon Aubrey,K,DAL,Mo' Mooney Mo' Problems,175,499904937,Sunday Funday
Breece Hall,RB,NYJ,Mixon Match,277.75,499904937,Sunday Funday
Brian Robinson Jr.,RB,WSH,Team JB,187.85,499904937,Sunday Funday
Brock Purdy,QB,SF,All TUA Easy ,277.35,499904937,Sunday Funday
Browns,DEF,CLE,Olave Garden,285.66,499904937,Sunday Funday
C.J. Stroud,QB,HOU,Olave Garden,257.52,499904937,Sunday Funday
Cade Otton,TE,TB,Fourth and Drunk,103.75,499904937,Sunday Funday
Calvin Ridley,WR,TEN,Mo' Mooney Mo' Problems,214.9,499904937,Sunday Funday
Cam Akers,RB,MIN,Estebandz,43.45,499904937,Sunday Funday
CeeDee Lamb,WR,DAL,C Deez ðŸ¥œ,375.95,499904937,Sunday Funday
Chase McLaughlin,K,TB,Olave Garden,140.3,499904937,Sunday Funday
Chiefs,DEF,KC,Team Williams,232.84,499904937,Sunday Funday
Chris Godwin,WR,TB,All TUA Easy ,190.7,499904937,Sunday Funday
Chris Olave,WR,NO,Olave Garden,213.3,499904937,Sunday Funday
Christian Kirk,WR,JAX,Mixon Match,136.26,499904937,Sunday Funday
Christian McCaffrey,RB,SF,Olave Garden,379.55,499904937,Sunday Funday
Christian Watson,WR,GB,Bonchon Robinson,94.3,499904937,Sunday Funday
Chuba Hubbard,RB,CAR,Team JB,172.5,499904937,Sunday Funday
Clyde Edwards-Helaire,RB,KC,Mo' Mooney Mo' Problems,65.85,499904937,Sunday Funday
Cole Kmet,TE,CHI,Fourth and Drunk,162.6,499904937,Sunday Funday
Colts,DEF,IND,Dawg Pound,219.18,499904937,Sunday Funday
Cooper Kupp,WR,LAR,Fourth and Drunk,154.65,499904937,Sunday Funday
Courtland Sutton,WR,DEN,Hop on my Chubb,173.95,499904937,Sunday Funday
Cowboys,DEF,DAL,Team JB,280.14,499904937,Sunday Funday
Curtis Samuel,WR,BUF,Team JB,142.45,499904937,Sunday Funday
D'Andre Swift,RB,CHI,C Deez ðŸ¥œ,188.05,499904937,Sunday Funday
D'Onta Foreman,RB,CLE,Olave Garden,87.45,499904937,Sunday Funday
Dak Prescott,QB,DAL,Hop on my Chubb,318.09,499904937,Sunday Funday
Dallas Goedert,TE,PHI,Mo' Mooney Mo' Problems,122.3,499904937,Sunday Funday
Dalton Kincaid,TE,BUF,Mo' Mooney Mo' Problems,131.05,499904937,Sunday Funday
Dalton Schultz,TE,HOU,Mixon Match,135.5,499904937,Sunday Funday
Dameon Pierce,RB,HOU,Olave Garden,79.45,499904937,Sunday Funday
Darren Waller,TE,NYG,Dawg Pound,100.2,499904937,Sunday Funday
Davante Adams,WR,LV,Bonchon Robinson,242.65,499904937,Sunday Funday
David Montgomery,RB,DET,Olave Garden,206.2,499904937,Sunday Funday
David Njoku,TE,CLE,Team Williams,180.45,499904937,Sunday Funday
De'Von Achane,RB,MIA,Olave Garden,190.2,499904937,Sunday Funday
DeAndre Hopkins,WR,TEN,Hop on my Chubb,210.6,499904937,Sunday Funday
Deebo Samuel,WR,SF,Estebandz,233.45,499904937,Sunday Funday
Demarcus Robinson,WR,LAR,Dawg Pound,78.9,499904937,Sunday Funday
DeMario Douglas,WR,NE,All TUA Easy ,91.95,499904937,Sunday Funday
Derek Carr,QB,NO,Estebandz,217.87,499904937,Sunday Funday
Derrick Henry,RB,BAL,Dawg Pound,242.66,499904937,Sunday Funday
Devin Singletary,RB,NYG,Hop on my Chubb,161.09,499904937,Sunday Funday
DeVonta Smith,WR,PHI,All TUA Easy ,209.85,499904937,Sunday Funday
Diontae Johnson,WR,CAR,Hop on my Chubb,140.95,499904937,Sunday Funday
DJ Moore,WR,CHI,Olave Garden,268,499904937,Sunday Funday
DK Metcalf,WR,SEA,Estebandz,213.15,499904937,Sunday Funday
Dolphins,DEF,MIA,Hop on my Chubb,237.74,499904937,Sunday Funday
Drake London,WR,ATL,Mixon Match,158.63,499904937,Sunday Funday
Dustin Hopkins,K,CLE,Bonchon Robinson,142.1,499904937,Sunday Funday
Eagles,DEF,PHI,Bonchon Robinson,161.84,499904937,Sunday Funday
Elijah Moore,WR,CLE,C Deez ðŸ¥œ,115.35,499904937,Sunday Funday
Evan Engram,TE,JAX,Bonchon Robinson,198.8,499904937,Sunday Funday
Evan McPherson,K,CIN,All TUA Easy ,132.7,499904937,Sunday Funday
Ezekiel Elliott,RB,NE,Team JB,159.75,499904937,Sunday Funday
Falcons,DEF,ATL,Estebandz,183,499904937,Sunday Funday
Gabe Davis,WR,JAX,Bonchon Robinson,153.4,499904937,Sunday Funday
Gardner Minshew,QB,LV,Mixon Match,170.45,499904937,Sunday Funday
Garrett Wilson,WR,NYJ,Mo' Mooney Mo' Problems,190.95,499904937,Sunday Funday
Geno Smith,QB,SEA,Olave Garden,204.51,499904937,Sunday Funday
George Kittle,TE,SF,C Deez ðŸ¥œ,191.95,499904937,Sunday Funday
George Pickens,WR,PIT,Estebandz,200.55,499904937,Sunday Funday
Gus Edwards,RB,LAC,Mo' Mooney Mo' Problems,181,499904937,Sunday Funday
Harrison Butker,K,KC,Team JB,154.7,499904937,Sunday Funday
Hunter Henry,TE,NE,Bonchon Robinson,108.4,499904937,Sunday Funday
Isaiah Likely,TE,BAL,Hop on my Chubb,95.6,499904937,Sunday Funday
Isiah Pacheco,RB,KC,Estebandz,204.9,499904937,Sunday Funday
J.K. Dobbins,RB,BAL,Team JB,11.2,499904937,Sunday Funday
Ja'Marr Chase,WR,CIN,Team JB,246.47,499904937,Sunday Funday
Jahan Dotson,WR,WSH,Team Williams,113.3,499904937,Sunday Funday
Jahmyr Gibbs,RB,DET,Team Williams,228.6,499904937,Sunday Funday
Jake Browning,QB,CIN,Mo' Mooney Mo' Problems,130.44,499904937,Sunday Funday
Jake Elliott,K,PHI,C Deez ðŸ¥œ,154.8,499904937,Sunday Funday
Jake Ferguson,TE,DAL,Olave Garden,159.35,499904937,Sunday Funday
Jake Moody,K,SF,Fourth and Drunk,119.8,499904937,Sunday Funday
Jakobi Meyers,WR,LV,Hop on my Chubb,200.83,499904937,Sunday Funday
Jalen Hurts,QB,PHI,Dawg Pound,321.82,499904937,Sunday Funday
James Conner,RB,ARI,Hop on my Chubb,197.75,499904937,Sunday Funday
James Cook,RB,BUF,Dawg Pound,219.95,499904937,Sunday Funday
Jared Goff,QB,DET,Fourth and Drunk,263.35,499904937,Sunday Funday
Jason Sanders,K,MIA,Dawg Pound,136.7,499904937,Sunday Funday
Javonte Williams,RB,DEN,Mo' Mooney Mo' Problems,166.45,499904937,Sunday Funday
Jaxon Smith-Njigba,WR,SEA,Team Williams,134.05,499904937,Sunday Funday
Jayden Reed,WR,GB,Team Williams,199.95,499904937,Sunday Funday
Jaylen Waddle,WR,MIA,Team JB,184.85,499904937,Sunday Funday
Jaylen Warren,RB,PIT,C Deez ðŸ¥œ,180.65,499904937,Sunday Funday
Jerome Ford,RB,CLE,Estebandz,204.7,499904937,Sunday Funday
Jerry Jeudy,WR,CLE,Mo' Mooney Mo' Problems,128.3,499904937,Sunday Funday
Jets,DEF,NYJ,Olave Garden,281.44,499904937,Sunday Funday
Joe Mixon,RB,HOU,Mixon Match,254.75,499904937,Sunday Funday
Jonathan Mingo,WR,CAR,Olave Garden,73.05,499904937,Sunday Funday
Jonathan Taylor,RB,IND,Mo' Mooney Mo' Problems,152.15,499904937,Sunday Funday
Jordan Addison,WR,MIN,C Deez ðŸ¥œ,210.05,499904937,Sunday Funday
Jordan Love,QB,GB,Mixon Match,285.56,499904937,Sunday Funday
Josh Allen,QB,BUF,Estebandz,365.39,499904937,Sunday Funday
Josh Downs,WR,IND,All TUA Easy ,142.85,499904937,Sunday Funday
Josh Jacobs,RB,GB,C Deez ðŸ¥œ,171.85,499904937,Sunday Funday
Joshua Dobbs,QB,SF,Bonchon Robinson,161.66,499904937,Sunday Funday
Joshua Kelley,RB,LAC,Team JB,59.45,499904937,Sunday Funday
Joshua Palmer,WR,LAC,Mo' Mooney Mo' Problems,99.7,499904937,Sunday Funday
Justin Fields,QB,PIT,Mo' Mooney Mo' Problems,192.68,499904937,Sunday Funday
Justin Jefferson,WR,MIN,Olave Garden,189.95,499904937,Sunday Funday
Justin Tucker,K,BAL,Team Williams,151.1,499904937,Sunday Funday
Juwan Johnson,TE,NO,Hop on my Chubb,88.55,499904937,Sunday Funday
K.J. Osborn,WR,NE,Bonchon Robinson,107,499904937,Sunday Funday
Kareem Hunt,RB,CLE,Team JB,114.75,499904937,Sunday Funday
Keaton Mitchell,RB,BAL,C Deez ðŸ¥œ,69.15,499904937,Sunday Funday
Keenan Allen,WR,CHI,Mixon Match,255.11,499904937,Sunday Funday
Kenneth Gainwell,RB,PHI,Team Williams,86.88,499904937,Sunday Funday
Kenneth Walker III,RB,SEA,Team Williams,193.9,499904937,Sunday Funday
Kenny Pickett,QB,PHI,Team Williams,97.45,499904937,Sunday Funday
Khalil Herbert,RB,CHI,Team JB,108.75,499904937,Sunday Funday
Khalil Shakir,WR,BUF,Mo' Mooney Mo' Problems,105.85,499904937,Sunday Funday
Kyle Pitts,TE,ATL,Team JB,124.05,499904937,Sunday Funday
Kyler Murray,QB,ARI,Mo' Mooney Mo' Problems,126.11,499904937,Sunday Funday
Kyren Williams,RB,LAR,Mo' Mooney Mo' Problems,248.5,499904937,Sunday Funday
Lamar Jackson,QB,BAL,Team Williams,303.22,499904937,Sunday Funday
Latavius Murray,RB,BUF,All TUA Easy ,77.65,499904937,Sunday Funday
Lions,DEF,DET,Mo' Mooney Mo' Problems,185.58,499904937,Sunday Funday
Lucas Havrisik,K,CLE,Hop on my Chubb,48.2,499904937,Sunday Funday
Mark Andrews,TE,BAL,Hop on my Chubb,123.15,499904937,Sunday Funday
Marquise Brown,WR,KC,Fourth and Drunk,121.95,499904937,Sunday Funday
Matt Gay,K,IND,Team Williams,142.5,499904937,Sunday Funday
Matthew Stafford,QB,LAR,C Deez ðŸ¥œ,224.85,499904937,Sunday Funday
Michael Gallup,WR,DAL,Estebandz,80.05,499904937,Sunday Funday
Michael Pittman Jr.,WR,IND,Dawg Pound,225.2,499904937,Sunday Funday
Michael Thomas,WR,NO,Team JB,80.05,499904937,Sunday Funday
Mike Evans,WR,TB,Team JB,267.75,499904937,Sunday Funday
Miles Sanders,RB,CAR,C Deez ðŸ¥œ,78.85,499904937,Sunday Funday
Najee Harris,RB,PIT,Bonchon Robinson,187.75,499904937,Sunday Funday
Nico Collins,WR,HOU,Mixon Match,247.15,499904937,Sunday Funday
Noah Brown,WR,HOU,All TUA Easy ,96.85,499904937,Sunday Funday
Odell Beckham Jr.,WR,None,Mixon Match,100,499904937,Sunday Funday
Packers,DEF,GB,Fourth and Drunk,197.38,499904937,Sunday Funday
Panthers,DEF,CAR,Bonchon Robinson,158.86,499904937,Sunday Funday
Pat Freiermuth,TE,PIT,Mixon Match,69.55,499904937,Sunday Funday
Patrick Mahomes,QB,KC,Team JB,251.97,499904937,Sunday Funday
Puka Nacua,WR,LAR,Hop on my Chubb,278.5,499904937,Sunday Funday
Quentin Johnston,WR,LAC,Dawg Pound,84.5,499904937,Sunday Funday
Rachaad White,RB,TB,Fourth and Drunk,251.15,499904937,Sunday Funday
Raheem Mostert,RB,MIA,Team Williams,259.7,499904937,Sunday Funday
Rams,DEF,LAR,Mixon Match,130.96,499904937,Sunday Funday
Rashee Rice,WR,KC,Fourth and Drunk,192.25,499904937,Sunday Funday
Rashid Shaheed,WR,NO,Mixon Match,146.6,499904937,Sunday Funday
Ravens,DEF,BAL,Dawg Pound,283.94,499904937,Sunday Funday
Rhamondre Stevenson,RB,NE,Dawg Pound,137.2,499904937,Sunday Funday
Riley Patterson,K,JAX,Hop on my Chubb,87.5,499904937,Sunday Funday
Romeo Doubs,WR,GB,Dawg Pound,158.65,499904937,Sunday Funday
Rondale Moore,WR,ATL,Estebandz,95.5,499904937,Sunday Funday
Roschon Johnson,RB,CHI,Bonchon Robinson,92.6,499904937,Sunday Funday
Russell Wilson,QB,PIT,C Deez ðŸ¥œ,223.4,499904937,Sunday Funday
Saints,DEF,NO,C Deez ðŸ¥œ,220.82,499904937,Sunday Funday
Sam Howell,QB,SEA,Bonchon Robinson,204.54,499904937,Sunday Funday
Sam LaPorta,TE,DET,All TUA Easy ,219.3,499904937,Sunday Funday
Saquon Barkley,RB,PHI,Hop on my Chubb,211.7,499904937,Sunday Funday
Seahawks,DEF,SEA,Fourth and Drunk,187.8,499904937,Sunday Funday
Steelers,DEF,PIT,Estebandz,234.88,499904937,Sunday Funday
Stefon Diggs,WR,BUF,Team Williams,250.8,499904937,Sunday Funday
T.J. Hockenson,TE,MIN,Team JB,195,499904937,Sunday Funday
Tank Dell,WR,HOU,Bonchon Robinson,156.75,499904937,Sunday Funday
Taysom Hill,TE,NO,All TUA Easy ,133.27,499904937,Sunday Funday
Tee Higgins,WR,CIN,Fourth and Drunk,130.6,499904937,Sunday Funday
Terry McLaurin,WR,WSH,Bonchon Robinson,190.2,499904937,Sunday Funday
Texans,DEF,HOU,C Deez ðŸ¥œ,236.2,499904937,Sunday Funday
Tony Pollard,RB,TEN,Mo' Mooney Mo' Problems,206.6,499904937,Sunday Funday
Travis Etienne Jr.,RB,JAX,All TUA Easy ,273.4,499904937,Sunday Funday
Travis Kelce,TE,KC,Estebandz,196.65,499904937,Sunday Funday
Trevor Lawrence,QB,JAX,Hop on my Chubb,227.29,499904937,Sunday Funday
Trey McBride,TE,ARI,Dawg Pound,161.75,499904937,Sunday Funday
Tua Tagovailoa,QB,MIA,All TUA Easy ,244.61,499904937,Sunday Funday
Ty Chandler,RB,MIN,Team JB,96.5,499904937,Sunday Funday
Tyjae Spears,RB,TEN,Hop on my Chubb,139.8,499904937,Sunday Funday
Tyler Bass,K,BUF,Mixon Match,121.8,499904937,Sunday Funday
Tyler Boyd,WR,CIN,Fourth and Drunk,127.8,499904937,Sunday Funday
Tyler Lockett,WR,SEA,Fourth and Drunk,182.65,499904937,Sunday Funday
Tyreek Hill,WR,MIA,Mixon Match,361.9,499904937,Sunday Funday
Van Jefferson,WR,PIT,Estebandz,36.3,499904937,Sunday Funday
Vikings,DEF,MIN,All TUA Easy ,202.14,499904937,Sunday Funday
Younghoe Koo,K,ATL,Estebandz,127.7,499904937,Sunday Funday
Zach Charbonnet,RB,SEA,Dawg Pound,97.85,499904937,Sunday Funday
Zach Ertz,TE,WSH,Hop on my Chubb,44.95,499904937,Sunday Funday
Zack Moss,RB,CIN,All TUA Easy ,166.35,499904937,Sunday Funday
Zamir White,RB,LV,Dawg Pound,70.65,499904937,Sunday Funday
Zay Flowers,WR,BAL,Olave Garden,189.9,499904937,Sunday Funday
Zay Jones,WR,JAX,Mixon Match,69.6,499904937,Sunday Funday
Justin Jefferson,WR,MIN,NBA 4Skiii,202.2,244658114,Johnson's
Amon-Ra St. Brown,WR,DET,NBA 4Skiii,330.9,244658114,Johnson's
Joe Mixon,RB,HOU,NBA 4Skiii,267,244658114,Johnson's
Calvin Ridley,WR,TEN,NBA 4Skiii,229.9,244658114,Johnson's
Breece Hall,RB,NYJ,NBA 4Skiii,290.5,244658114,Johnson's
Terry McLaurin,WR,WSH,NBA 4Skiii,209.2,244658114,Johnson's
James Cook,RB,BUF,NBA 4Skiii,232.7,244658114,Johnson's
Dak Prescott,QB,DAL,NBA 4Skiii,342.84,244658114,Johnson's
Evan Engram,TE,JAX,NBA 4Skiii,230.3,244658114,Johnson's
Jets,DEF,NYJ,NBA 4Skiii,159,244658114,Johnson's
Jared Goff,QB,DET,NBA 4Skiii,289.1,244658114,Johnson's
Tyler Boyd,WR,CIN,NBA 4Skiii,144.8,244658114,Johnson's
Emari Demercado,RB,ARI,NBA 4Skiii,73.3,244658114,Johnson's
Trey McBride,TE,ARI,NBA 4Skiii,181.5,244658114,Johnson's
Rams,DEF,LAR,NBA 4Skiii,75,244658114,Johnson's
Cairo Santos,K,CHI,NBA 4Skiii,155,244658114,Johnson's
Ja'Marr Chase,WR,CIN,Jarbo,262.72,244658114,Johnson's
Jalen Hurts,QB,PHI,Jarbo,356.82,244658114,Johnson's
Jahmyr Gibbs,RB,DET,Jarbo,242.1,244658114,Johnson's
George Kittle,TE,SF,Jarbo,203.2,244658114,Johnson's
Christian Watson,WR,GB,Jarbo,101.3,244658114,Johnson's
Cowboys,DEF,DAL,Jarbo,172,244658114,Johnson's
Javonte Williams,RB,DEN,Jarbo,179.2,244658114,Johnson's
Blake Grupe,K,NO,Jarbo,143,244658114,Johnson's
Michael Thomas,WR,NO,Jarbo,89.8,244658114,Johnson's
Odell Beckham Jr.,WR,None,Jarbo,107.5,244658114,Johnson's
Raheem Mostert,RB,MIA,Jarbo,267.7,244658114,Johnson's
K.J. Osborn,WR,NE,Jarbo,120,244658114,Johnson's
Chigoziem Okonkwo,TE,TEN,Jarbo,113.4,244658114,Johnson's
Jonnu Smith,TE,MIA,Jarbo,124.2,244658114,Johnson's
Geno Smith,QB,SEA,Jarbo,227.26,244658114,Johnson's
Rashid Shaheed,WR,NO,Jarbo,155.6,244658114,Johnson's
Justin Watson,WR,KC,Jarbo,89,244658114,Johnson's
Patrick Mahomes,QB,KC,Childhood menace ,280.22,244658114,Johnson's
DeAndre Hopkins,WR,TEN,Childhood menace ,223.6,244658114,Johnson's
Rachaad White,RB,TB,Childhood menace ,267.9,244658114,Johnson's
49ers,DEF,SF,Childhood menace ,136,244658114,Johnson's
Tyler Lockett,WR,SEA,Childhood menace ,202.4,244658114,Johnson's
Evan McPherson,K,CIN,Childhood menace ,135,244658114,Johnson's
Christian Kirk,WR,JAX,Childhood menace ,150.26,244658114,Johnson's
Skyy Moore,WR,KC,Childhood menace ,53.7,244658114,Johnson's
JuJu Smith-Schuster,WR,NE,Childhood menace ,61,244658114,Johnson's
Samaje Perine,RB,DEN,Childhood menace ,121.3,244658114,Johnson's
Brock Purdy,QB,SF,Childhood menace ,295.6,244658114,Johnson's
Jaylen Warren,RB,PIT,Childhood menace ,196.4,244658114,Johnson's
Tyler Conklin,TE,NYJ,Childhood menace ,123.1,244658114,Johnson's
Titans,DEF,TEN,Childhood menace ,88,244658114,Johnson's
Khalil Herbert,RB,CHI,Childhood menace ,112.5,244658114,Johnson's
Taysom Hill,TE,NO,Childhood menace ,143.52,244658114,Johnson's
Austin Ekeler,RB,WSH,Team Johnson iii,185.4,244658114,Johnson's
Tony Pollard,RB,TEN,Team Johnson iii,222.6,244658114,Johnson's
Garrett Wilson,WR,NYJ,Team Johnson iii,213.2,244658114,Johnson's
DeVonta Smith,WR,PHI,Team Johnson iii,227.6,244658114,Johnson's
Chris Godwin,WR,TB,Team Johnson iii,209.2,244658114,Johnson's
Kenneth Walker III,RB,SEA,Team Johnson iii,199.4,244658114,Johnson's
Deshaun Watson,QB,CLE,Team Johnson iii,86.8,244658114,Johnson's
Pat Freiermuth,TE,PIT,Team Johnson iii,76.8,244658114,Johnson's
Isiah Pacheco,RB,KC,Team Johnson iii,213.9,244658114,Johnson's
Jahan Dotson,WR,WSH,Team Johnson iii,124.8,244658114,Johnson's
Jaxon Smith-Njigba,WR,SEA,Team Johnson iii,149.8,244658114,Johnson's
Jake Ferguson,TE,DAL,Team Johnson iii,177.1,244658114,Johnson's
Michael Mayer,TE,LV,Team Johnson iii,71.4,244658114,Johnson's
Baker Mayfield,QB,TB,Team Johnson iii,274.06,244658114,Johnson's
Aidan O'Connell,QB,LV,Team Johnson iii,125.82,244658114,Johnson's
Jake Moody,K,SF,Team Johnson iii,127,244658114,Johnson's
Raiders,DEF,LV,Team Johnson iii,135,244658114,Johnson's
Tyreek Hill,WR,MIA,Team zeke,376.4,244658114,Johnson's
Bijan Robinson,RB,ATL,Team zeke,246.3,244658114,Johnson's
Justin Fields,QB,PIT,Team zeke,230.18,244658114,Johnson's
Keenan Allen,WR,CHI,Team zeke,278.86,244658114,Johnson's
Kyle Pitts,TE,ATL,Team zeke,137.3,244658114,Johnson's
Alexander Mattison,RB,LV,Team zeke,133.2,244658114,Johnson's
Jake Elliott,K,PHI,Team zeke,155,244658114,Johnson's
Cole Kmet,TE,CHI,Team zeke,181.1,244658114,Johnson's
Josh Downs,WR,IND,Team zeke,157.1,244658114,Johnson's
Noah Brown,WR,HOU,Team zeke,101.6,244658114,Johnson's
Devin Singletary,RB,NYG,Team zeke,167.34,244658114,Johnson's
Dolphins,DEF,MIA,Team zeke,139,244658114,Johnson's
Jayden Reed,WR,GB,Team zeke,217.2,244658114,Johnson's
Chargers,DEF,LAC,Team zeke,86,244658114,Johnson's
Saints,DEF,NO,Team zeke,129,244658114,Johnson's
Ty Chandler,RB,MIN,Team zeke,101,244658114,Johnson's
Christian McCaffrey,RB,SF,A Real Killa,391.3,244658114,Johnson's
Josh Jacobs,RB,GB,A Real Killa,181.1,244658114,Johnson's
DK Metcalf,WR,SEA,A Real Killa,225.4,244658114,Johnson's
Chris Olave,WR,NO,A Real Killa,231.3,244658114,Johnson's
Jonathan Taylor,RB,IND,A Real Killa,156.4,244658114,Johnson's
Gus Edwards,RB,LAC,A Real Killa,187,244658114,Johnson's
Zack Moss,RB,CIN,A Real Killa,169.6,244658114,Johnson's
De'Von Achane,RB,MIA,A Real Killa,190.7,244658114,Johnson's
Joshua Palmer,WR,LAC,A Real Killa,106.7,244658114,Johnson's
David Njoku,TE,CLE,A Real Killa,201.2,244658114,Johnson's
Lions,DEF,DET,A Real Killa,93,244658114,Johnson's
Browns,DEF,CLE,A Real Killa,166,244658114,Johnson's
Kyler Murray,QB,ARI,A Real Killa,146.36,244658114,Johnson's
Jake Browning,QB,CIN,A Real Killa,144.44,244658114,Johnson's
Jameis Winston,QB,CLE,A Real Killa,11.96,244658114,Johnson's
Wil Lutz,K,DEN,A Real Killa,125,244658114,Johnson's
Lamar Jackson,QB,BAL,Abrahamâ€™s mom ,331.22,244658114,Johnson's
Tee Higgins,WR,CIN,Abrahamâ€™s mom ,137.6,244658114,Johnson's
Travis Etienne Jr.,RB,JAX,Abrahamâ€™s mom ,282.4,244658114,Johnson's
Amari Cooper,WR,CLE,Abrahamâ€™s mom ,227,244658114,Johnson's
Dallas Goedert,TE,PHI,Abrahamâ€™s mom ,136.3,244658114,Johnson's
Marquise Brown,WR,KC,Abrahamâ€™s mom ,134.7,244658114,Johnson's
Russell Wilson,QB,PIT,Abrahamâ€™s mom ,256.9,244658114,Johnson's
Daniel Carlson,K,LV,Abrahamâ€™s mom ,117,244658114,Johnson's
AJ Dillon,RB,GB,Abrahamâ€™s mom ,117.6,244658114,Johnson's
Darnell Mooney,WR,ATL,Abrahamâ€™s mom ,78.9,244658114,Johnson's
Dalton Kincaid,TE,BUF,Abrahamâ€™s mom ,150.3,244658114,Johnson's
Kendrick Bourne,WR,NE,Abrahamâ€™s mom ,100,244658114,Johnson's
Chiefs,DEF,KC,Abrahamâ€™s mom ,140,244658114,Johnson's
Jonathan Mingo,WR,CAR,Abrahamâ€™s mom ,84.8,244658114,Johnson's
Packers,DEF,GB,Abrahamâ€™s mom ,99,244658114,Johnson's
Hunter Henry,TE,NE,Abrahamâ€™s mom ,119.9,244658114,Johnson's
Matt Gay,K,IND,Abrahamâ€™s mom ,149,244658114,Johnson's
Stefon Diggs,WR,BUF,Team Zee,273.8,244658114,Johnson's
Jaylen Waddle,WR,MIA,Team Zee,198.6,244658114,Johnson's
Nico Collins,WR,HOU,Team Zee,260.4,244658114,Johnson's
Puka Nacua,WR,LAR,Team Zee,298.5,244658114,Johnson's
Kyren Williams,RB,LAR,Team Zee,255,244658114,Johnson's
C.J. Stroud,QB,HOU,Team Zee,276.02,244658114,Johnson's
Logan Thomas,TE,WSH,Team Zee,126.8,244658114,Johnson's
James Conner,RB,ARI,Team Zee,201.5,244658114,Johnson's
Chuba Hubbard,RB,CAR,Team Zee,182.5,244658114,Johnson's
Harrison Butker,K,KC,Team Zee,153,244658114,Johnson's
Zach Charbonnet,RB,SEA,Team Zee,106.1,244658114,Johnson's
Isaiah Likely,TE,BAL,Team Zee,101.1,244658114,Johnson's
Nick Mullens,QB,MIN,Team Zee,66.74,244658114,Johnson's
Tank Dell,WR,HOU,Team Zee,165,244658114,Johnson's
Darren Waller,TE,NYG,Team Zee,113.2,244658114,Johnson's
Joe Flacco,QB,IND,Team Zee,100.84,244658114,Johnson's
Patriots,DEF,NE,Team Zee,111,244658114,Johnson's
Josh Allen,QB,BUF,DaBears,392.64,244658114,Johnson's
Saquon Barkley,RB,PHI,DaBears,223.2,244658114,Johnson's
DJ Moore,WR,CHI,DaBears,286.5,244658114,Johnson's
Alvin Kamara,RB,NO,DaBears,233,244658114,Johnson's
Bills,DEF,BUF,DaBears,158,244658114,Johnson's
Justin Tucker,K,BAL,DaBears,155,244658114,Johnson's
Dalton Schultz,TE,HOU,DaBears,150.5,244658114,Johnson's
George Pickens,WR,PIT,DaBears,208.8,244658114,Johnson's
Zay Flowers,WR,BAL,DaBears,206.4,244658114,Johnson's
Matthew Stafford,QB,LAR,DaBears,243.1,244658114,Johnson's
Tyler Bass,K,BUF,DaBears,128,244658114,Johnson's
Jerome Ford,RB,CLE,DaBears,211.2,244658114,Johnson's
Ravens,DEF,BAL,DaBears,172,244658114,Johnson's
Jerry Jeudy,WR,CLE,DaBears,141.8,244658114,Johnson's
Brandin Cooks,WR,DAL,DaBears,173.2,244658114,Johnson's
Cade Otton,TE,TB,DaBears,116.5,244658114,Johnson's
Davante Adams,WR,LV,Jonny Football,265.4,244658114,Johnson's
A.J. Brown,WR,PHI,Jonny Football,289.6,244658114,Johnson's
Rhamondre Stevenson,RB,NE,Jonny Football,145.7,244658114,Johnson's
Aaron Jones,RB,MIN,Jonny Football,134.9,244658114,Johnson's
Trevor Lawrence,QB,JAX,Jonny Football,262.54,244658114,Johnson's
Brandon Aiyuk,WR,SF,Jonny Football,249.2,244658114,Johnson's
David Montgomery,RB,DET,Jonny Football,207.2,244658114,Johnson's
Michael Pittman Jr.,WR,IND,Jonny Football,250.2,244658114,Johnson's
Gabe Davis,WR,JAX,Jonny Football,161.4,244658114,Johnson's
Sam Howell,QB,SEA,Jonny Football,257.54,244658114,Johnson's
Kareem Hunt,RB,CLE,Jonny Football,118.5,244658114,Johnson's
Curtis Samuel,WR,BUF,Jonny Football,157.2,244658114,Johnson's
Brandon Aubrey,K,DAL,Jonny Football,180,244658114,Johnson's
Gardner Minshew,QB,LV,Jonny Football,196.2,244658114,Johnson's
Bears,DEF,CHI,Jonny Football,110,244658114,Johnson's
Juwan Johnson,TE,NO,Jonny Football,97.8,244658114,Johnson's
Travis Kelce,TE,KC,Blk Mania,219.4,244658114,Johnson's
CeeDee Lamb,WR,DAL,Blk Mania,403.2,244658114,Johnson's
Joe Burrow,QB,CIN,Blk Mania,147.16,244658114,Johnson's
Najee Harris,RB,PIT,Blk Mania,195.5,244658114,Johnson's
Steelers,DEF,PIT,Blk Mania,127,244658114,Johnson's
Jordan Addison,WR,MIN,Blk Mania,221.3,244658114,Johnson's
Antonio Gibson,RB,NE,Blk Mania,127.4,244658114,Johnson's
Eagles,DEF,PHI,Blk Mania,80,244658114,Johnson's
Rashee Rice,WR,KC,Blk Mania,212.5,244658114,Johnson's
Jordan Love,QB,GB,Blk Mania,319.06,244658114,Johnson's
Riley Patterson,K,JAX,Blk Mania,91,244658114,Johnson's
Ezekiel Elliott,RB,NE,Blk Mania,174.5,244658114,Johnson's
Deebo Samuel,WR,SF,Blk Mania,243.7,244658114,Johnson's
Royce Freeman,RB,LAR,Blk Mania,46.2,244658114,Johnson's
Tua Tagovailoa,QB,MIA,Blk Mania,270.36,244658114,Johnson's
Nick Folk,K,TEN,Blk Mania,130,244658114,Johnson's
Tucker Kraft,TE,GB,Blk Mania,78.5,244658114,Johnson's
Derrick Henry,RB,BAL,Raiders Nation,246.66,244658114,Johnson's
Cooper Kupp,WR,LAR,Raiders Nation,164.4,244658114,Johnson's
Justin Herbert,QB,LAC,Raiders Nation,234.16,244658114,Johnson's
Mark Andrews,TE,BAL,Raiders Nation,135.4,244658114,Johnson's
Miles Sanders,RB,CAR,Raiders Nation,87.6,244658114,Johnson's
Mike Evans,WR,TB,Raiders Nation,282.5,244658114,Johnson's
Jakobi Meyers,WR,LV,Raiders Nation,218.58,244658114,Johnson's
Drake London,WR,ATL,Raiders Nation,174.38,244658114,Johnson's
Courtland Sutton,WR,DEN,Raiders Nation,190.2,244658114,Johnson's
D'Andre Swift,RB,CHI,Raiders Nation,199.3,244658114,Johnson's
Brian Robinson Jr.,RB,WSH,Raiders Nation,198.1,244658114,Johnson's
Elijah Moore,WR,CLE,Raiders Nation,132.1,244658114,Johnson's
Adam Thielen,WR,CAR,Raiders Nation,231,244658114,Johnson's
Eddy Pineiro,K,CAR,Raiders Nation,105,244658114,Johnson's
Commanders,DEF,WSH,Raiders Nation,30,244658114,Johnson's
Sam LaPorta,TE,DET,Raiders Nation,239.3,244658114,Johnson's
C.J. Stroud,QB,HOU,Easy Pickens,324.52,178012,BNH
Garrett Wilson,WR,NYJ,Easy Pickens,213.2,178012,BNH
Calvin Ridley,WR,TEN,Easy Pickens,229.9,178012,BNH
Alvin Kamara,RB,NO,Easy Pickens,233,178012,BNH
Jerome Ford,RB,CLE,Easy Pickens,211.2,178012,BNH
Sam LaPorta,TE,DET,Easy Pickens,239.3,178012,BNH
Stefon Diggs,WR,HOU,Easy Pickens,273.8,178012,BNH
Zay Flowers,WR,BAL,Easy Pickens,206.4,178012,BNH
Aaron Jones,RB,MIN,Easy Pickens,134.9,178012,BNH
George Pickens,WR,PIT,Easy Pickens,208.8,178012,BNH
Trevor Lawrence,QB,JAX,Easy Pickens,311.54,178012,BNH
Tyjae Spears,RB,TEN,Easy Pickens,153.8,178012,BNH
Clyde Edwards-Helaire,RB,KC,Easy Pickens,70.1,178012,BNH
Dustin Hopkins,K,CLE,Easy Pickens,149,178012,BNH
Cleveland,DEF,CLE,Easy Pickens,157,178012,BNH
Jacksonville,DEF,JAX,Easy Pickens,120,178012,BNH
Darren Waller,TE,NYG,Easy Pickens,113.2,178012,BNH
Josh Allen,QB,BUF,NEVER BACK DOWN NEVER WHAT,459.64,178012,BNH
Tyler Lockett,WR,SEA,NEVER BACK DOWN NEVER WHAT,202.4,178012,BNH
Chris Godwin,WR,TB,NEVER BACK DOWN NEVER WHAT,209.2,178012,BNH
Chuba Hubbard,RB,CAR,NEVER BACK DOWN NEVER WHAT,182.5,178012,BNH
Kyren Williams,RB,LAR,NEVER BACK DOWN NEVER WHAT,255,178012,BNH
Chig Okonkwo,TE,TEN,NEVER BACK DOWN NEVER WHAT,113.4,178012,BNH
Ezekiel Elliott,RB,DAL,NEVER BACK DOWN NEVER WHAT,174.5,178012,BNH
Brandin Cooks,WR,DAL,NEVER BACK DOWN NEVER WHAT,173.2,178012,BNH
Joshua Palmer,WR,LAC,NEVER BACK DOWN NEVER WHAT,106.7,178012,BNH
T.J. Hockenson,TE,MIN,NEVER BACK DOWN NEVER WHAT,219,178012,BNH
Josh Downs,WR,IND,NEVER BACK DOWN NEVER WHAT,157.1,178012,BNH
Russell Wilson,QB,PIT,NEVER BACK DOWN NEVER WHAT,312.9,178012,BNH
Jerry Jeudy,WR,CLE,NEVER BACK DOWN NEVER WHAT,141.8,178012,BNH
Justin Tucker,K,BAL,NEVER BACK DOWN NEVER WHAT,160,178012,BNH
San Francisco,DEF,SF,NEVER BACK DOWN NEVER WHAT,141,178012,BNH
Pittsburgh,DEF,PIT,NEVER BACK DOWN NEVER WHAT,143,178012,BNH
Michael Thomas,WR,NO,NEVER BACK DOWN NEVER WHAT,89.8,178012,BNH
Nick Chubb,RB,CLE,NEVER BACK DOWN NEVER WHAT,23.1,178012,BNH
Lamar Jackson,QB,BAL,Asian Enthusiasts,382.72,178012,BNH
A.J. Brown,WR,PHI,Asian Enthusiasts,289.6,178012,BNH
Demarcus Robinson,WR,LAR,Asian Enthusiasts,87.4,178012,BNH
Derrick Henry,RB,BAL,Asian Enthusiasts,250.66,178012,BNH
Khalil Herbert,RB,CIN,Asian Enthusiasts,112.5,178012,BNH
Kyle Pitts,TE,ATL,Asian Enthusiasts,137.3,178012,BNH
Jayden Reed,WR,GB,Asian Enthusiasts,217.2,178012,BNH
Courtland Sutton,WR,DEN,Asian Enthusiasts,190.2,178012,BNH
Isiah Pacheco,RB,KC,Asian Enthusiasts,213.9,178012,BNH
Keenan Allen,WR,CHI,Asian Enthusiasts,280.86,178012,BNH
AJ Dillon,RB,GB,Asian Enthusiasts,117.6,178012,BNH
Gardner Minshew II,QB,LV,Asian Enthusiasts,230.7,178012,BNH
Tyler Higbee,TE,LAR,Asian Enthusiasts,108.5,178012,BNH
Tyler Bass,K,BUF,Asian Enthusiasts,133,178012,BNH
Los Angeles,DEF,LAC,Asian Enthusiasts,106,178012,BNH
Baltimore,DEF,BAL,Asian Enthusiasts,168,178012,BNH
Jared Goff,QB,DET,Kupp of Joe,355.1,178012,BNH
DeAndre Hopkins,WR,KC,Kupp of Joe,223.6,178012,BNH
Puka Nacua,WR,LAR,Kupp of Joe,298.5,178012,BNH
Joe Mixon,RB,HOU,Kupp of Joe,267,178012,BNH
Alexander Mattison,RB,LV,Kupp of Joe,133.2,178012,BNH
Jonnu Smith,TE,MIA,Kupp of Joe,124.2,178012,BNH
Amari Cooper,WR,BUF,Kupp of Joe,227,178012,BNH
Drake London,WR,ATL,Kupp of Joe,174.38,178012,BNH
Josh Jacobs,RB,GB,Kupp of Joe,181.1,178012,BNH
Odell Beckham Jr.,WR,MIA,Kupp of Joe,107.5,178012,BNH
Pat Freiermuth,TE,PIT,Kupp of Joe,76.8,178012,BNH
Rashid Shaheed,WR,NO,Kupp of Joe,155.6,178012,BNH
D'Onta Foreman,RB,CLE,Kupp of Joe,91.2,178012,BNH
Riley Patterson,K,ATL,Kupp of Joe,93,178012,BNH
New York,DEF,NYG,Kupp of Joe,125,178012,BNH
Jalen Hurts,QB,PHI,Chase-ing the Bag,410.32,178012,BNH
CeeDee Lamb,WR,DAL,Chase-ing the Bag,403.2,178012,BNH
Rashee Rice,WR,KC,Chase-ing the Bag,212.5,178012,BNH
Jaylen Warren,RB,PIT,Chase-ing the Bag,196.4,178012,BNH
Ty Chandler,RB,MIN,Chase-ing the Bag,101,178012,BNH
David Njoku,TE,CLE,Chase-ing the Bag,201.2,178012,BNH
Brian Robinson Jr.,RB,WAS,Chase-ing the Bag,198.1,178012,BNH
Jakobi Meyers,WR,LV,Chase-ing the Bag,220.58,178012,BNH
Ja'Marr Chase,WR,CIN,Chase-ing the Bag,262.72,178012,BNH
Tyler Boyd,WR,TEN,Chase-ing the Bag,145.3,178012,BNH
Antonio Gibson,RB,NE,Chase-ing the Bag,127.4,178012,BNH
Brock Purdy,QB,SF,Chase-ing the Bag,363.1,178012,BNH
Jahan Dotson,WR,PHI,Chase-ing the Bag,124.8,178012,BNH
Dalton Kincaid,TE,BUF,Chase-ing the Bag,150.3,178012,BNH
Daniel Carlson,K,LV,Chase-ing the Bag,121,178012,BNH
Chicago,DEF,CHI,Chase-ing the Bag,120,178012,BNH
Justin Fields,QB,PIT,The hEkeler,266.68,178012,BNH
Davante Adams,WR,NYJ,The hEkeler,265.4,178012,BNH
Jordan Addison,WR,MIN,The hEkeler,221.3,178012,BNH
Austin Ekeler,RB,WAS,The hEkeler,185.4,178012,BNH
Rachaad White,RB,TB,The hEkeler,267.9,178012,BNH
Isaiah Likely,TE,BAL,The hEkeler,101.1,178012,BNH
James Conner,RB,ARI,The hEkeler,201.5,178012,BNH
Chris Olave,WR,NO,The hEkeler,231.3,178012,BNH
Jonathan Mingo,WR,DAL,The hEkeler,84.8,178012,BNH
Taysom Hill,TE,NO,The hEkeler,145.52,178012,BNH
Quentin Johnston,WR,LAC,The hEkeler,94,178012,BNH
Jameson Williams,WR,DET,The hEkeler,80.3,178012,BNH
Derek Carr,QB,NO,The hEkeler,295.12,178012,BNH
Dontayvion Wicks,WR,GB,The hEkeler,119.76,178012,BNH
Jake Elliott,K,PHI,The hEkeler,156,178012,BNH
New Orleans,DEF,NO,The hEkeler,137,178012,BNH
Keaton Mitchell,RB,BAL,The hEkeler,69.9,178012,BNH
Christian Kirk,WR,JAX,The hEkeler,150.26,178012,BNH
Patrick Mahomes,QB,KC,Najee Germany,341.22,178012,BNH
Mike Evans,WR,TB,Najee Germany,282.5,178012,BNH
Justin Jefferson,WR,MIN,Najee Germany,202.2,178012,BNH
Gus Edwards,RB,LAC,Najee Germany,187,178012,BNH
De'Von Achane,RB,MIA,Najee Germany,190.7,178012,BNH
Dallas Goedert,TE,PHI,Najee Germany,136.3,178012,BNH
David Montgomery,RB,DET,Najee Germany,207.2,178012,BNH
Najee Harris,RB,PIT,Najee Germany,195.5,178012,BNH
Michael Mayer,TE,LV,Najee Germany,71.4,178012,BNH
Romeo Doubs,WR,GB,Najee Germany,174.4,178012,BNH
Kenneth Walker III,RB,SEA,Najee Germany,199.4,178012,BNH
Hunter Henry,TE,NE,Najee Germany,119.9,178012,BNH
Jake Moody,K,SF,Najee Germany,131,178012,BNH
Tampa Bay,DEF,TB,Najee Germany,135,178012,BNH
Dak Prescott,QB,DAL,Taylor Swift,419.34,178012,BNH
DK Metcalf,WR,SEA,Taylor Swift,225.4,178012,BNH
Deebo Samuel Sr.,WR,SF,Taylor Swift,243.7,178012,BNH
Tony Pollard,RB,TEN,Taylor Swift,222.6,178012,BNH
Raheem Mostert,RB,MIA,Taylor Swift,267.7,178012,BNH
Travis Kelce,TE,KC,Taylor Swift,219.4,178012,BNH
Terry McLaurin,WR,WAS,Taylor Swift,209.2,178012,BNH
Rondale Moore,WR,ATL,Taylor Swift,105,178012,BNH
Latavius Murray,RB,BUF,Taylor Swift,82.9,178012,BNH
Jake Bobo,WR,SEA,Taylor Swift,56.9,178012,BNH
Christian Watson,WR,GB,Taylor Swift,101.3,178012,BNH
Logan Thomas,TE,SF,Taylor Swift,126.8,178012,BNH
Kenneth Gainwell,RB,PHI,Taylor Swift,97.38,178012,BNH
Brandon Aubrey,K,DAL,Taylor Swift,181,178012,BNH
Philadelphia,DEF,PHI,Taylor Swift,102,178012,BNH
Atlanta,DEF,ATL,Taylor Swift,99,178012,BNH
Baker Mayfield,QB,TB,HappyEnding,335.06,178012,BNH
Tyreek Hill,WR,MIA,HappyEnding,376.4,178012,BNH
Curtis Samuel,WR,BUF,HappyEnding,157.2,178012,BNH
Travis Etienne Jr.,RB,JAX,HappyEnding,282.4,178012,BNH
D'Andre Swift,RB,CHI,HappyEnding,199.3,178012,BNH
Evan Engram,TE,JAX,HappyEnding,230.3,178012,BNH
Adam Thielen,WR,CAR,HappyEnding,231,178012,BNH
Tee Higgins,WR,CIN,HappyEnding,137.6,178012,BNH
Michael Pittman Jr.,WR,IND,HappyEnding,250.2,178012,BNH
Jake Ferguson,TE,DAL,HappyEnding,177.1,178012,BNH
Jordan Love,QB,GB,HappyEnding,388.56,178012,BNH
Gabe Davis,WR,JAX,HappyEnding,161.4,178012,BNH
Evan McPherson,K,CIN,HappyEnding,140,178012,BNH
Indianapolis,DEF,IND,HappyEnding,139,178012,BNH
New York,DEF,NYJ,HappyEnding,151,178012,BNH
Buffalo,DEF,BUF,HappyEnding,153,178012,BNH
Jake Browning,QB,CIN,San Arizona Searams,171.94,178012,BNH
DJ Moore,WR,CHI,San Arizona Searams,286.5,178012,BNH
Nico Collins,WR,HOU,San Arizona Searams,260.4,178012,BNH
Saquon Barkley,RB,PHI,San Arizona Searams,223.2,178012,BNH
Javonte Williams,RB,DEN,San Arizona Searams,179.2,178012,BNH
Trey McBride,TE,ARI,San Arizona Searams,181.5,178012,BNH
James Cook,RB,BUF,San Arizona Searams,232.7,178012,BNH
Devin Singletary,RB,NYG,San Arizona Searams,169.34,178012,BNH
Jerick McKinnon,RB,KC,San Arizona Searams,86.36,178012,BNH
Sam Howell,QB,SEA,San Arizona Searams,310.04,178012,BNH
Tucker Kraft,TE,GB,San Arizona Searams,78.5,178012,BNH
Parker Washington,WR,JAX,San Arizona Searams,39.2,178012,BNH
Hollywood Brown,WR,KC,San Arizona Searams,134.7,178012,BNH
Brandon McManus,K,GB,San Arizona Searams,146,178012,BNH
Dallas,DEF,DAL,San Arizona Searams,178,178012,BNH
Rhamondre Stevenson,RB,NE,San Arizona Searams,145.7,178012,BNH
Mark Andrews,TE,BAL,San Arizona Searams,135.4,178012,BNH
Matthew Stafford,QB,LAR,Weverse Warrior,296.6,178012,BNH
Amon-Ra St. Brown,WR,DET,Weverse Warrior,330.9,178012,BNH
Cooper Kupp,WR,LAR,Weverse Warrior,164.4,178012,BNH
Jahmyr Gibbs,RB,DET,Weverse Warrior,242.1,178012,BNH
Bijan Robinson,RB,ATL,Weverse Warrior,246.3,178012,BNH
Cole Kmet,TE,CHI,Weverse Warrior,181.1,178012,BNH
Brandon Aiyuk,WR,SF,Weverse Warrior,249.2,178012,BNH
Diontae Johnson,WR,BAL,Weverse Warrior,152.7,178012,BNH
Kyler Murray,QB,ARI,Weverse Warrior,168.86,178012,BNH
Jaxon Smith-Njigba,WR,SEA,Weverse Warrior,149.8,178012,BNH
Zay Jones,WR,ARI,Weverse Warrior,78.1,178012,BNH
Tyler Allgeier,RB,ATL,Weverse Warrior,137.6,178012,BNH
Zamir White,RB,LV,Weverse Warrior,73.9,178012,BNH
Chase Brown,RB,CIN,Weverse Warrior,53.5,178012,BNH
Jason Myers,K,SEA,Weverse Warrior,158,178012,BNH
Kansas City,DEF,KC,Weverse Warrior,134,178012,BNH
Jonathan Taylor,RB,IND,Weverse Warrior,156.4,178012,BNH
Tua Tagovailoa,QB,MIA,Tuacide Squad,335.36,178012,BNH
DeVonta Smith,WR,PHI,Tuacide Squad,227.6,178012,BNH
DeMario Douglas,WR,NE,Tuacide Squad,107.2,178012,BNH
Breece Hall,RB,NYJ,Tuacide Squad,290.5,178012,BNH
Christian McCaffrey,RB,SF,Tuacide Squad,391.3,178012,BNH
George Kittle,TE,SF,Tuacide Squad,203.2,178012,BNH
Noah Brown,WR,WAS,Tuacide Squad,101.6,178012,BNH
Dalton Schultz,TE,HOU,Tuacide Squad,150.5,178012,BNH
Jaylen Waddle,WR,MIA,Tuacide Squad,198.6,178012,BNH
Elijah Moore,WR,CLE,Tuacide Squad,132.1,178012,BNH
Zack Moss,RB,CIN,Tuacide Squad,169.6,178012,BNH
Tutu Atwell,WR,LAR,Tuacide Squad,112.4,178012,BNH
Jason Sanders,K,MIA,Tuacide Squad,146,178012,BNH
Los Angeles,DEF,LAR,Tuacide Squad,83,178012,BNH
Miami,DEF,MIA,Tuacide Squad,152,178012,BNH
Las Vegas,DEF,LV,Tuacide Squad,146,178012,BNH